Workload,N,Window,Processes,SeqTimeMs,BasicComputeMs,BasicEndToEndMs,BasicSpeedup,BasicEfficiency,OptComputeMs,OptWaitMs,OptEndToEndMs,OptSpeedup,OptEfficiency,Status
Medium,100000,31,1,1.487,1.091,1.809,0.8220011055831952,82.20011055831952,0.725,0.0,1.277,1.164447924823806,116.44479248238059,PASSED
Medium,100000,31,2,1.487,0.397,0.803,1.8518057285180574,92.59028642590287,0.473,0.001,0.932,1.5954935622317596,79.77467811158799,PASSED
Medium,100000,31,4,1.487,0.246,0.647,2.2982998454404946,57.45749613601237,0.271,0.009,0.664,2.2394578313253013,55.98644578313253,PASSED
Medium,100000,31,8,1.487,0.208,1.304,1.1403374233128836,14.254217791411044,0.214,0.084,1.391,1.0690150970524803,13.362688713156004,PASSED
Medium,100000,31,12,1.487,0.137,1.616,0.9201732673267327,7.668110561056106,0.156,0.155,1.154,1.288561525129983,10.738012709416523,PASSED
Medium,100000,31,16,1.487,0.134,1.768,0.8410633484162896,5.25664592760181,0.126,0.255,1.418,1.0486600846262342,6.554125528913963,PASSED
Medium,100000,31,24,1.487,0.251,5.341,0.27841228234413035,1.1600511764338766,0.085,0.744,2.288,0.6499125874125875,2.707969114219115,PASSED
Large,1000000,63,1,35.027,19.401,25.546,1.3711344241759964,137.11344241759963,19.278,0.003,25.248,1.3873178073510772,138.73178073510772,PASSED
Large,1000000,63,2,35.027,9.194,13.632,2.569468896713615,128.47344483568074,9.158,0.007,13.463,2.60172324147664,130.08616207383199,PASSED
Large,1000000,63,4,35.027,5.199,9.214,3.8014977208595613,95.03744302148903,4.909,0.009,7.933,4.415353586285138,110.38383965712846,PASSED
Large,1000000,63,8,35.027,2.244,5.679,6.167811234372248,77.0976404296531,2.745,0.005,5.638,6.212664065271373,77.65830081589216,PASSED
Large,1000000,63,12,35.027,3.027,6.85,5.113430656934307,42.61192214111922,4.017,0.975,12.095,2.895990078544853,24.133250654540443,PASSED
Large,1000000,63,16,35.027,2.47,6.278,5.579324625676968,34.87077891048105,2.603,0.156,5.6,6.254821428571429,39.09263392857143,PASSED
Large,1000000,63,24,35.027,1.657,7.111,4.925748839825623,20.52395349927343,1.634,2.165,7.712,4.541882780082988,18.924511583679116,PASSED
