Implementation,Configuration,Workload,N,Window,ComputeMs,TransferCommMs,EndToEndMs,Speedup,EfficiencyPercent,MaxError,Status
Sequential,1 Thread,Small,10000,15,0.152,0.0,0.152,1.0,100.0,0.0,REFERENCE
OpenMP,24 Threads,Small,10000,15,0.2,0.0,0.2,0.7599999999999999,3.166666666666666,0.0,PASSED
CUDA Baseline,Block=256,Small,10000,15,0.0329,0.0955,0.1284,1.1838006230529596,0.0,0.0,PASSED
CUDA Optimized,Shared-Mem Block=256,Small,10000,15,0.0192,0.051500000000000004,0.0708,2.1468926553672314,0.0,0.0,PASSED
Basic MPI,16 Processes,Small,10000,15,0.009,0.474,0.483,0.3146997929606625,1.9668737060041408,0.0,PASSED
Optimized MPI,16 Processes (Overlap),Small,10000,15,0.008,0.117,0.649,0.23420647149460708,1.4637904468412943,0.0,PASSED
Sequential,1 Thread,Medium,100000,31,1.903,0.0,1.903,1.0,100.0,0.0,REFERENCE
OpenMP,24 Threads,Medium,100000,31,0.449,0.0,0.449,4.2383073496659245,17.659613956941353,0.0,PASSED
CUDA Baseline,Block=256,Medium,100000,31,0.103,0.17809999999999998,0.2811,6.769832799715403,0.0,0.0,PASSED
CUDA Optimized,Shared-Mem Block=256,Medium,100000,31,0.1136,0.4028,0.5165,3.6844143272023238,0.0,0.0,PASSED
Basic MPI,16 Processes,Medium,100000,31,0.132,2.5149999999999997,2.647,0.718927087268606,4.493294295428788,0.0,PASSED
Optimized MPI,16 Processes (Overlap),Medium,100000,31,0.123,0.729,2.081,0.9144641999038924,5.715401249399328,0.0,PASSED
Sequential,1 Thread,Large,1000000,63,42.515,0.0,42.515,1.0,100.0,0.0,REFERENCE
OpenMP,24 Threads,Large,1000000,63,6.518,0.0,6.518,6.522706351641608,27.17794313184003,0.0,PASSED
CUDA Baseline,Block=256,Large,1000000,63,1.5941,2.0708,3.6649,11.600589374880625,0.0,0.0,PASSED
CUDA Optimized,Shared-Mem Block=256,Large,1000000,63,1.5911,2.8139000000000003,4.405,9.651532349602723,0.0,0.0,PASSED
Basic MPI,16 Processes,Large,1000000,63,2.565,4.946999999999999,7.512,5.659611288604899,35.37257055378062,0.0,PASSED
Optimized MPI,16 Processes (Overlap),Large,1000000,63,2.583,0.319,7.584,5.605880801687764,35.036755010548525,0.0,PASSED
